Complexity,Loss,Equation
1,35.834007,"27.21415"
3,33.940876,"33.75732 - ph"
5,33.587353,"(turbidity / ph) + 22.190275"
7,32.64488,"(turbidity / 10.208947) + (30.660852 - ph)"
9,32.49767,"(turbidity * (turbidity * 0.0013115087)) + (32.279102 - ph)"
11,32.153023,"((turbidity * 0.08472395) + ((-678.50946 / tds) - -32.43361)) - ph"
13,32.012665,"(((-664.4243 / tds) - ((turbidity * turbidity) * -0.0011847524)) + 33.753338) - ph"
15,31.923683,"(turbidity * 0.17315559) + (((-678.50946 / tds) - (-26.537985 - (86.377686 / turbidity))) - ph)"
17,31.881754,"(turbidity * 0.17102644) - (((-85.20701 / turbidity) - 27.25031) + (ph + (1425.0934 / (tds + 190.65189))))"
19,31.881742,"((turbidity * 0.17102644) - (ph + ((1425.0934 / (tds + 190.65189)) + ((-85.20701 / turbidity) - 27.25031)))) + 0.0033560146"
21,31.879423,"(turbidity * 0.17102644) - (((1425.0934 / (tds + ((-231.82677 / ph) + 220.89146))) + (-84.48991 / turbidity)) + (ph - 27.278675))"
23,31.879244,"(turbidity * 0.17102644) - ((1425.0934 / ((tds + 220.89146) + (-193.64116 / (ph - 0.41081795)))) + (((-84.48991 / turbidity) + ph) - 27.278675))"
25,31.878168,"(turbidity * 0.16239198) - (((ph + (-84.56167 / turbidity)) - 0.24643278) + ((1425.0906 / ((((ph * turbidity) * 0.47490862) + tds) - -84.514565)) - 27.3401))"
29,31.865904,"((turbidity * 0.1556259) + (27.756805 - ph)) - ((((ph + -20.467306) / turbidity) + (14.724699 / (((tds / (24.156488 - (turbidity / 4.7500453))) + ph) + ph))) * ph)"
